{"precision": [0.9466666666666667, 0.8542056074766355, 0.9799107142857143, 0.9868421052631579], "recall": [0.902542372881356, 0.9682203389830508, 0.9281183932346723, 0.9533898305084746], "f1_score": [0.9240780911062907, 0.9076464746772592, 0.9533116178067318, 0.9698275862068966], "cv_accuracy_scores": [0.7501323451561673, 0.9724722075172049, 0.973001588141874, 0.9872948650079407, 0.9629237288135594], "classes": ["0", "1", "2", "3"], "feature_importances": {"EmployeeStatus": 0.023427853236682727, "EmployeeType": 0.03007796934436515, "EmployeeClassificationType": 0.028152892708636537, "GenderCode": 0.021342520924825, "MaritalDesc": 0.0395497054696639, "Current Employee Rating": 0.03720385347652829, "Engagement Score": 0.059056659255919394, "Satisfaction Score": 0.061038081500497936, "Work-Life Balance Score": 0.06034542692760837, "Training Outcome": 0.03563179251061732, "Training Duration(Days)": 0.06088723880615291, "Training Cost": 0.06071829494278324, "Tenure (Years)": 0.06709453973340346, "Age": 0.06530825273321308, "BusinessUnit_CCDR": 0.005304595914359436, "BusinessUnit_EW": 0.006235215879561835, "BusinessUnit_MSC": 0.00531746436981991, "BusinessUnit_NEL": 0.00720615452826624, "BusinessUnit_PL": 0.006134050933287396, "BusinessUnit_PYZ": 0.005727057049631366, "BusinessUnit_SVG": 0.0066185777660747805, "BusinessUnit_TNS": 0.006963735010652072, "BusinessUnit_WBL": 0.0064387823859279915, "DepartmentType_Executive Office": 0.0003239806611430118, "DepartmentType_IT/IS": 0.008307522388791738, "DepartmentType_Production       ": 0.02314960852869494, "DepartmentType_Sales": 0.011205158055324701, "DepartmentType_Software Engineering": 0.00305235467242802, "Division_Billable Consultants": 0.00024299826524929653, "Division_Catv": 0.0009113114683515263, "Division_Corp Operations": 2.5962826579234895e-05, "Division_Engineers": 0.00589950467619612, "Division_Executive": 0.0004706642332800632, "Division_Field Operations": 0.013413348556935737, "Division_Fielders": 0.0012470103088029684, "Division_Finance & Accounting": 0.001052042942897471, "Division_General - Con": 0.009316687191935777, "Division_General - Eng": 0.001052970597877911, "Division_General - Sga": 0.0017679099349243348, "Division_Isp": 0.00016071970904934973, "Division_People Services": 0.00034074424241800134, "Division_Project Management - Con": 0.0032216175807532996, "Division_Project Management - Eng": 0.00023252999092667883, "Division_Safety": 0.00010268696940533178, "Division_Sales & Marketing": 8.764108343112703e-05, "Division_Shop (Fleet)": 0.0008312557123218938, "Division_Splicing": 0.001727209730528778, "Division_Technology / It": 0.0003526984189427213, "Division_Underground": 0.0005049342591801789, "Division_Wireless": 0.0004418592953672701, "Division_Wireline Construction": 0.0034947409721626946, "Division_Yard (Material Handling)": 0.0009457159655383394, "JobFunctionDescription_Accounting": 0.00010255356016765258, "JobFunctionDescription_Administration": 0.00032835858659559247, "JobFunctionDescription_Administrative": 0.0006620216454736572, "JobFunctionDescription_Administrator": 0.0007871887595913546, "JobFunctionDescription_Analyst": 1.5123571671145764e-05, "JobFunctionDescription_Apprentice": 9.283629149650092e-05, "JobFunctionDescription_Assistant": 0.00027259172541231315, "JobFunctionDescription_Associate": 0.00012056538824759908, "JobFunctionDescription_Attendant": 1.0530684728628363e-05, "JobFunctionDescription_Billing": 0.00011813499827310135, "JobFunctionDescription_Business Development": 2.746934204131886e-05, "JobFunctionDescription_Ceo": 1.9376876812359964e-05, "JobFunctionDescription_Cfo": 4.147587655333329e-05, "JobFunctionDescription_Chief Operating Officer": 1.5046131508377082e-05, "JobFunctionDescription_Cio": 1.607710678945361e-05, "JobFunctionDescription_Civil Hand": 0.0, "JobFunctionDescription_Clerical": 9.686747607841084e-06, "JobFunctionDescription_Clerk": 0.0004020618350748641, "JobFunctionDescription_Construction Manager": 0.00021958376451952253, "JobFunctionDescription_Contracts": 2.7887530879230742e-05, "JobFunctionDescription_Controller": 4.9197888875120125e-05, "JobFunctionDescription_Coordinator": 0.0011313700271048997, "JobFunctionDescription_Cpo": 2.088482962200587e-05, "JobFunctionDescription_Crew Leader": 5.6329967827413805e-06, "JobFunctionDescription_Director": 0.0004689823636599473, "JobFunctionDescription_Drafter": 0.0002509112728823619, "JobFunctionDescription_Driller": 0.0005299906587288226, "JobFunctionDescription_Driver": 0.0005676832955327495, "JobFunctionDescription_Electrician": 2.6183890138116306e-05, "JobFunctionDescription_Engineer": 0.005939931289346284, "JobFunctionDescription_Estimator": 1.9760691486612484e-05, "JobFunctionDescription_Evp": 2.0860146452589876e-05, "JobFunctionDescription_Executive": 3.367134405325657e-05, "JobFunctionDescription_Executive Assistant": 2.7555937225738163e-05, "JobFunctionDescription_Field Project Manager": 0.00013151542634686235, "JobFunctionDescription_Field Technician": 4.611023686743472e-05, "JobFunctionDescription_Flagger": 0.0004674457753225523, "JobFunctionDescription_Foreman": 0.004328893037011938, "JobFunctionDescription_General Manager": 5.294089334020971e-07, "JobFunctionDescription_Generalist": 2.7431985786555327e-05, "JobFunctionDescription_Groundman": 0.000638821726943978, "JobFunctionDescription_Helpdesk": 3.192610758031307e-05, "JobFunctionDescription_Helper": 3.3880072681129304e-05, "JobFunctionDescription_Inspector": 0.0, "JobFunctionDescription_Intern": 0.0001092381403573586, "JobFunctionDescription_Labor": 8.508168838417968e-05, "JobFunctionDescription_Laborer": 0.009250287424966527, "JobFunctionDescription_Lineman": 0.0029816123807797686, "JobFunctionDescription_Locator": 0.00038219769499196787, "JobFunctionDescription_Manager": 0.0019410426637868536, "JobFunctionDescription_Mechanic": 0.0003455580876095518, "JobFunctionDescription_Model Assistant": 8.197053770307579e-05, "JobFunctionDescription_Operator": 0.0008884634951799293, "JobFunctionDescription_Planner": 0.00014711005135318325, "JobFunctionDescription_Principal": 2.798509540584568e-05, "JobFunctionDescription_Program Manager": 9.123488357372416e-05, "JobFunctionDescription_Project Controls": 5.276631269818973e-06, "JobFunctionDescription_Project Coordinator": 2.836701067079187e-05, "JobFunctionDescription_Project Manager": 0.0014236885883571104, "JobFunctionDescription_Purchasing": 2.0830708201662196e-05, "JobFunctionDescription_Recruiter": 5.705076979027604e-06, "JobFunctionDescription_Recruiting": 2.181236433256466e-05, "JobFunctionDescription_Runner": 9.685568695451848e-05, "JobFunctionDescription_Safety": 0.00013090127082268402, "JobFunctionDescription_Safety Manager": 5.915546243437255e-06, "JobFunctionDescription_Services": 3.294368880496993e-06, "JobFunctionDescription_Shop": 0.00024135473428521623, "JobFunctionDescription_Specialist": 0.00017370885101454227, "JobFunctionDescription_Splicer": 0.0009293104146381047, "JobFunctionDescription_Supervisor": 0.0022711279904016105, "JobFunctionDescription_Support": 8.75594202479542e-06, "JobFunctionDescription_Svp": 1.3224124184904011e-05, "JobFunctionDescription_Technician": 0.007211700437769318, "JobFunctionDescription_Tester": 9.863990993650877e-05, "JobFunctionDescription_Top Hand": 0.00018097568386709275, "JobFunctionDescription_Tower Hand": 0.0006784775453090917, "JobFunctionDescription_Traffic": 5.7826617927610015e-06, "JobFunctionDescription_Vp": 0.0004886184970915678, "JobFunctionDescription_Warehouse": 3.8042761984668676e-06, "JobFunctionDescription_Warehouse Manager": 0.0, "JobFunctionDescription_Warehouse Technician": 9.520600293563163e-05, "JobFunctionDescription_Welder": 4.5277826439494205e-05, "State_AZ": 0.00017670637436572188, "State_CA": 8.586994445816241e-05, "State_CO": 0.0002063985642274072, "State_CT": 0.0007145291961249589, "State_FL": 6.1803399642158745e-06, "State_GA": 2.681385465571983e-05, "State_ID": 0.00010419608953477512,